timestamp,id,text,likes,retweets,username,user_id,user_created_at,in_response_to,in_response_to_user_id,response_type,has_geolocation,is_verified,total_tweets,total_followers,total_following,total_likes,total_lists,has_background,is_protected,default_profile
2019-08-25 06:18:59,1165508854525939712,RT @soompi: #BTS Becomes 1st Korean Artist To Win MTV UK's Hottest Summer Superstar https://www.soompi.com/article/1347868wpp/bts-becomes-1st-korean-artist-to-win-mtv-uks-hottest-summer-superstar https://t.co/tMsmq83zd5 <retweeted_status> #BTS Becomes 1st Korean Artist To Win MTV UK's Hottest Summer Superstar https://www.soompi.com/article/1347868wpp/bts-becomes-1st-korean-artist-to-win-mtv-uks-hottest-summer-superstar https://t.co/tMsmq83zd5 </retweeted_status>,0,0,1HOLYTYSH8,2263662313,Fri Dec 27 02:42:03 +0000 2013,1165409957858164736,17659206,retweet,True,False,42266,1056,1606,48252,4,True,False,True
2019-08-25 06:18:59,1165508854806994945,"RT @MTVMusicUK: #ARMY you did it! @BTS_twtÂ are this year's #MTVHottest champions!!! ğŸ†ğŸ‰ğŸ’™

Check out this year's Top 10 here &gt;&gt;&gt; https://t.coâ€¦ <retweeted_status> #ARMY you did it! @BTS_twtÂ are this year's #MTVHottest champions!!! ğŸ†ğŸ‰ğŸ’™

Check out this year's Top 10 here &gt;&gt;&gt; https://t.co/sBh2iyFq1P 

#BTS https://t.co/DbYLgUOd2k </retweeted_status>",0,0,Danny_HerArmy,1499856042,Tue Jun 11 01:01:07 +0000 2013,1165262611954487296,35762475,retweet,False,False,3288,58,251,4675,0,True,False,True
2019-08-25 06:19:00,1165508857889574912,"RT @soompi: #BTS Achieves 2nd Gold Album In U.S. After ""Map Of The Soul: Persona"" Earns RIAA Certification #PERSONAWENTGOLD #MOTSPersonaWenâ€¦ <retweeted_status> #BTS Achieves 2nd Gold Album In U.S. After ""Map Of The Soul: Persona"" Earns RIAA Certification #PERSONAWENTGOLD #MOTSPersonaWentGold https://t.co/oSN8MMRSa5 https://t.co/a4IXkmhrxm </retweeted_status>",0,0,MatNurfaa,1054334253897461760,Mon Oct 22 11:30:49 +0000 2018,1165049362885566466,17659206,retweet,False,False,11966,12,254,19652,0,True,False,True
2019-08-25 06:19:00,1165508859089211393,"RT @btsworldwider: BTS ""FIRE"" MV needs +6.2M views left to 600M!
#MPN #BTS #ARMY @BTS_twt 
&lt;https://youtu.be/ALj5MKjy2BU&gt; https://t.co/qBsdA2RZX0 <retweeted_status> BTS ""FIRE"" MV needs +6.2M views left to 600M!
#MPN #BTS #ARMY @BTS_twt 
&lt;https://youtu.be/ALj5MKjy2BU&gt; https://t.co/qBsdA2RZX0 </retweeted_status>",0,0,dewiset71580980,4903065181,Sat Feb 13 18:11:03 +0000 2016,1165498858865999872,1159165349381586944,retweet,False,False,95125,443,973,7677,0,True,False,True
2019-08-25 06:19:01,1165508861249220608,"RT @shadow_twts: USA Pure Album Sales Estimate

MOTS: Persona
387,000

LY: Answer
338,000

LY: Tear
329,000

LY: Her
243,000

Source: oldblâ€¦ <retweeted_status> USA Pure Album Sales Estimate

MOTS: Persona
387,000

LY: Answer
338,000

LY: Tear
329,000

LY: Her
243,000

Source: oldbloke

#MPN #BTS #ARMY #BoyWithLuv @BTS_twt </retweeted_status>",0,0,NurKarmilla7,1091584324632072192,Sat Feb 02 06:29:18 +0000 2019,1165501323313393665,872347656944857088,retweet,False,False,23369,21,65,35335,0,True,False,True
2019-08-25 06:19:01,1165508863128268800,"Also #ASK token will used as platform ""fuel"". http://askbrains.com #blockchain #bitcoin #ico #tokensale #cryptocurrency #askbrains",0,0,santuroy199O,1006760763640426496,Wed Jun 13 04:50:45 +0000 2018,0,,tweet,False,False,3085,4648,4982,3972,3,True,False,True
2019-08-25 06:19:02,1165508864424329216,"RT @BTSVotingFam02: âœ¨ BTS FACTS âœ¨

V Is Ambidextrous.

Which means he can write with both his left and right hands. Unlike the rest of us mâ€¦ <retweeted_status> âœ¨ BTS FACTS âœ¨

V Is Ambidextrous.

Which means he can write with both his left and right hands. Unlike the rest of us mere mortals who foolishly can only use one hand. ğŸ’œ

Retweet7 to v0te! ğŸ’ªğŸ»
#MPN #BTS #ARMY @BTS_twt </retweeted_status>",0,0,roses_bts,1014710389286686722,Thu Jul 05 03:19:44 +0000 2018,1165488766586245121,1156392648577441793,retweet,False,False,20783,86,65,15162,0,True,False,True
2019-08-25 06:19:02,1165508864831176705,"RT @shadow_twts: USA Pure Album Sales Estimate

MOTS: Persona
387,000

LY: Answer
338,000

LY: Tear
329,000

LY: Her
243,000

Source: oldblâ€¦ <retweeted_status> USA Pure Album Sales Estimate

MOTS: Persona
387,000

LY: Answer
338,000

LY: Tear
329,000

LY: Her
243,000

Source: oldbloke

#MPN #BTS #ARMY #BoyWithLuv @BTS_twt </retweeted_status>",0,0,_xE1ns,975017429892972545,Sat Mar 17 14:34:05 +0000 2018,1165501323313393665,872347656944857088,retweet,False,False,7563,129,510,6636,0,False,False,False
2019-08-25 06:19:02,1165508864478986240,RT @soompi: #BTS Becomes 1st Korean Artist To Win MTV UK's Hottest Summer Superstar https://www.soompi.com/article/1347868wpp/bts-becomes-1st-korean-artist-to-win-mtv-uks-hottest-summer-superstar https://t.co/tMsmq83zd5 <retweeted_status> #BTS Becomes 1st Korean Artist To Win MTV UK's Hottest Summer Superstar https://www.soompi.com/article/1347868wpp/bts-becomes-1st-korean-artist-to-win-mtv-uks-hottest-summer-superstar https://t.co/tMsmq83zd5 </retweeted_status>,0,0,iiam_savvy,917130862998802433,Sun Oct 08 20:53:32 +0000 2017,1165409957858164736,17659206,retweet,False,False,18175,30,148,15446,0,True,False,True
2019-08-25 06:19:01,1165508864109727744,"Inspiration for my Logo and New Business name from @cz_binance and $bnb 

one day ill be able to accept crypto payments for a new home in WA. 

#Buildl https://t.co/ewEJknfYqo",0,0,JamesLiddiard4,944552672161443841,Sat Dec 23 12:58:00 +0000 2017,0,,tweet,False,False,1172,254,297,1718,2,True,False,True
2019-08-25 06:19:02,1165508866014109696,"RT @MTVMusicUK: #ARMY you did it! @BTS_twtÂ are this year's #MTVHottest champions!!! ğŸ†ğŸ‰ğŸ’™

Check out this year's Top 10 here &gt;&gt;&gt; https://t.coâ€¦ <retweeted_status> #ARMY you did it! @BTS_twtÂ are this year's #MTVHottest champions!!! ğŸ†ğŸ‰ğŸ’™

Check out this year's Top 10 here &gt;&gt;&gt; https://t.co/sBh2iyFq1P 

#BTS https://t.co/DbYLgUOd2k </retweeted_status>",0,0,GabrielaAHDF,4778671822,Mon Jan 11 23:10:37 +0000 2016,1165262611954487296,35762475,retweet,False,False,19088,1251,473,183420,9,False,False,False
2019-08-25 06:19:02,1165508866534268928,"RT @pastelradiance: MONBEBES LETS GET IT ğŸ‘ŠğŸ»ğŸ‘ŠğŸ»ğŸ‘ŠğŸ» @OfficialMonstaX #Monsta_X #MonstaX https://twitter.com/nextpagechart/status/1165143273427456001 <retweeted_status> MONBEBES LETS GET IT ğŸ‘ŠğŸ»ğŸ‘ŠğŸ»ğŸ‘ŠğŸ» @OfficialMonstaX #Monsta_X #MonstaX https://twitter.com/nextpagechart/status/1165143273427456001 </retweeted_status> <quoted_status> [#NPC2019KMA #ROUND1]

THE TOP MALE GROUP

#AB6IX #BTS #MONSTAX #THEBOYZ </quoted_status>",0,0,OkAdriB,4295647938,Fri Nov 20 01:21:27 +0000 2015,1165500284119834625,1149723385909268480,retweet,False,False,10336,65,113,36712,0,False,False,False
2019-08-25 06:19:02,1165508867007991808,"RT @_nayanthara_: ğŸš«ğŸš«PLEASE HELP ME WIN THIS GUYSğŸš«ğŸš« 1k rts, 1k likes and 500 comments. Please, i really wanna win itğŸ˜­ğŸ’œ. PLEASE HELP ME ARMYSâ€¦ <retweeted_status> ğŸš«ğŸš«PLEASE HELP ME WIN THIS GUYSğŸš«ğŸš« 1k rts, 1k likes and 500 comments. Please, i really wanna win itğŸ˜­ğŸ’œ. PLEASE HELP ME ARMYSğŸ˜­
RT TO VOTE
#MPN #BTS #ARMY @BTS_twt https://t.co/8bbDBC9H5N </retweeted_status>",0,0,agustdpt2plz,1142697452845166593,Sun Jun 23 07:34:37 +0000 2019,1165470479211089920,961991305105518592,retweet,False,False,1604,618,678,2222,1,True,False,True
2019-08-25 06:19:03,1165508868698296321,"RT @btsvotingmetric: Can ARMYs reach 50 replies for Jungkook?

ğŸ“¥ #MPN #BTS #ARMY #BoyWitLuv @BTS_twt

https://t.co/CQbFMhQZZe <retweeted_status> Can ARMYs reach 50 replies for Jungkook?

ğŸ“¥ #MPN #BTS #ARMY #BoyWitLuv @BTS_twt

https://t.co/CQbFMhQZZe </retweeted_status>",0,0,Asuka613B,1131550190702276608,Thu May 23 13:19:23 +0000 2019,1165406269726961665,818623158555181072,retweet,False,False,7014,55,64,6723,0,True,False,True
2019-08-25 06:19:03,1165508868983517184,RT @milkstrology: ARIES: With Mars moving into Virgo + trining Saturn and Pluto this month ur HUSTLE is one thing nobody can take from you.â€¦ <retweeted_status> ARIES: With Mars moving into Virgo + trining Saturn and Pluto this month ur HUSTLE is one thing nobody can take from you. You're working hard to procure your coin + your love life might also get spicy with intensity pushing you toward intimacy. Your efforts will not go unnoticed. https://t.co/8Od5OhRRw4 </retweeted_status>,0,0,cammbam__,2395294214,Mon Mar 17 23:52:14 +0000 2014,1165498319231049728,877388098853773312,retweet,False,False,10189,459,734,50648,1,True,False,False
2019-08-25 06:19:03,1165508871328129024,"RT @ArmyBrigade13_M: Let's make purple heart ocean in the reply ! 

#MPN #BTS #ARMY #BoyWithLuv @BTS_twt 

ğŸ’œğŸ’œğŸ’œğŸ’œğŸ’œğŸ’œğŸ’œğŸ’œğŸ’œğŸ’œğŸ’œğŸ’œğŸ’œğŸ’œğŸ’œğŸ’œğŸ’œğŸ’œğŸ’œğŸ’œğŸ’œğŸ’œğŸ’œğŸ’œğŸ’œğŸ’œğŸ’œğŸ’œğŸ’œğŸ’œğŸ’œğŸ’œâ€¦ <retweeted_status> Let's make purple heart ocean in the reply ! 

#MPN #BTS #ARMY #BoyWithLuv @BTS_twt 

ğŸ’œğŸ’œğŸ’œğŸ’œğŸ’œğŸ’œğŸ’œğŸ’œğŸ’œğŸ’œğŸ’œğŸ’œğŸ’œğŸ’œğŸ’œğŸ’œğŸ’œğŸ’œğŸ’œğŸ’œğŸ’œğŸ’œğŸ’œğŸ’œğŸ’œğŸ’œğŸ’œğŸ’œğŸ’œğŸ’œğŸ’œğŸ’œğŸ’œğŸ’œğŸ’œğŸ’œğŸ’œğŸ’œğŸ’œğŸ’œğŸ’œğŸ’œğŸ’œğŸ’œğŸ’œğŸ’œğŸ’œğŸ’œğŸ’œğŸ’œğŸ’œğŸ’œğŸ’œğŸ’œğŸ’œğŸ’œğŸ’œğŸ’œğŸ’œğŸ’œğŸ’œğŸ’œğŸ’œğŸ’œğŸ’œ </retweeted_status>",0,0,Isabellaminoz66,944944039341596672,Sun Dec 24 14:53:09 +0000 2017,1165485995044655104,1159236874281472000,retweet,False,False,7016,179,185,22898,0,True,False,True
2019-08-25 06:19:03,1165508872452239360,"RT @btsworldwider: ""Winter Bear"" By V becomes BTS 18th song to surpass 10 MILLION+ streams on SoundCloud!
#MPN #BTS #ARMY @BTS_twt 
https:/â€¦ <retweeted_status> ""Winter Bear"" By V becomes BTS 18th song to surpass 10 MILLION+ streams on SoundCloud!
#MPN #BTS #ARMY @BTS_twt 
https://t.co/0utQGtnwPO </retweeted_status>",0,0,majhay_06,1170910405,Tue Feb 12 04:37:09 +0000 2013,1165504852799062016,1159165349381586944,retweet,False,False,26991,50,96,27154,0,True,False,True
2019-08-25 06:19:03,1165508872477396992,RT @soompi: #BTS Becomes 1st Korean Artist To Win MTV UK's Hottest Summer Superstar https://www.soompi.com/article/1347868wpp/bts-becomes-1st-korean-artist-to-win-mtv-uks-hottest-summer-superstar https://t.co/tMsmq83zd5 <retweeted_status> #BTS Becomes 1st Korean Artist To Win MTV UK's Hottest Summer Superstar https://www.soompi.com/article/1347868wpp/bts-becomes-1st-korean-artist-to-win-mtv-uks-hottest-summer-superstar https://t.co/tMsmq83zd5 </retweeted_status>,0,0,jungooobun,1000028764137385984,Fri May 25 15:00:11 +0000 2018,1165409957858164736,17659206,retweet,False,False,8272,387,457,14968,0,True,False,True
2019-08-25 06:19:04,1165508872674504704,RT @soompi: #BTS Becomes 1st Korean Artist To Win MTV UK's Hottest Summer Superstar https://www.soompi.com/article/1347868wpp/bts-becomes-1st-korean-artist-to-win-mtv-uks-hottest-summer-superstar https://t.co/tMsmq83zd5 <retweeted_status> #BTS Becomes 1st Korean Artist To Win MTV UK's Hottest Summer Superstar https://www.soompi.com/article/1347868wpp/bts-becomes-1st-korean-artist-to-win-mtv-uks-hottest-summer-superstar https://t.co/tMsmq83zd5 </retweeted_status>,0,0,peanootsus,3947444478,Mon Oct 19 13:48:32 +0000 2015,1165409957858164736,17659206,retweet,True,False,116282,639,536,127825,5,True,False,True
2019-08-25 06:19:04,1165508872754196481,"RT @BTSdailyinfo: [NOMINATION] 190825 @BTS_twt 

#BTS #Jin joins the list of the official nominees of The 100 Most Handsome Faces of 2019 tâ€¦ <retweeted_status> [NOMINATION] 190825 @BTS_twt 

#BTS #Jin joins the list of the official nominees of The 100 Most Handsome Faces of 2019 together with #V and #Jungkook and #Jimin. 

You may visit: (https://t.co/pnVcONpx47) to nominate the rest of the members. 

(https://t.co/Xzjv6LEgOJ) https://t.co/i7dupSttum </retweeted_status>",0,0,Jimin032415771,966242795894681600,Wed Feb 21 09:26:49 +0000 2018,1165427416459665408,984417145000898561,retweet,False,False,34818,805,1841,47389,0,True,False,True
2019-08-25 06:19:04,1165508874205483008,"RT @MTVMusicUK: #ARMY you did it! @BTS_twtÂ are this year's #MTVHottest champions!!! ğŸ†ğŸ‰ğŸ’™

Check out this year's Top 10 here &gt;&gt;&gt; https://t.coâ€¦ <retweeted_status> #ARMY you did it! @BTS_twtÂ are this year's #MTVHottest champions!!! ğŸ†ğŸ‰ğŸ’™

Check out this year's Top 10 here &gt;&gt;&gt; https://t.co/sBh2iyFq1P 

#BTS https://t.co/DbYLgUOd2k </retweeted_status>",0,0,StoesGguk,1155312826388402176,Sun Jul 28 03:03:37 +0000 2019,1165262611954487296,35762475,retweet,False,False,104,0,18,141,0,True,False,True
2019-08-25 06:19:04,1165508874247426053,"RT @btsworldwider: [YOUTUBE]
TOP 10 BTS Music Videos
#1. DNA â€” 815.2M
#2. FIRE â€” 593.8M
#3. FAKE LOVEâ€”578.5M
#4. MIC DROPâ€”547.2M
#5. IDOLâ€”5â€¦ <retweeted_status> [YOUTUBE]
TOP 10 BTS Music Videos
#1. DNA â€” 815.2M
#2. FIRE â€” 593.8M
#3. FAKE LOVEâ€”578.5M
#4. MIC DROPâ€”547.2M
#5. IDOLâ€”529.9M
#6. #BoyWithLuv 521.1M
#7. DOPEâ€”506.1M
#8. BloodSweatTearsâ€”490M
#9. Save Meâ€”424.3M
#10. Not Todayâ€”348.7M
#MPN #BTS #ARMY @BTS_twt </retweeted_status>",0,0,LoveSeokoo,890987934186438656,Fri Jul 28 17:30:52 +0000 2017,1165506794979872768,1159165349381586944,retweet,False,False,11181,279,397,25602,1,True,False,True
2019-08-25 06:19:04,1165508874981408769,"RT @chartblockers: BTS fans were the only ones who spoke up about it while all other kpop fandoms made fun of us for it but look at how itâ€™â€¦ <retweeted_status> BTS fans were the only ones who spoke up about it while all other kpop fandoms made fun of us for it but look at how itâ€™s benefiting their faves too lol https://t.co/YDnIKm0Jkt </retweeted_status> <quoted_status> #BTS fans believe that the VMAs new best K-Pop category is poorly disguised as xenophobia that ghettoizes the South Korean artists so that they canâ€™t compete for the top awards of the night.
https://t.co/FqfIi9ItHq </quoted_status>",0,0,adi_sin_,993649818546384896,Tue May 08 00:32:32 +0000 2018,1165233422853263362,733893787106185216,retweet,True,False,28958,1229,1218,52276,1,True,False,True
2019-08-25 06:19:04,1165508875442745344,RT @thszn: stop omg i read this wrong and thought they were sending taehyung to mars https://twitter.com/allkpop/status/1164920204356444162 <retweeted_status> stop omg i read this wrong and thought they were sending taehyung to mars https://twitter.com/allkpop/status/1164920204356444162 </retweeted_status> <quoted_status> [UCC] #BTS V becomes the first Kpop idol whose name is sent to Mars aboard NASA's Mars 2020 rover mission https://t.co/dg2nrNlHLl https://t.co/cyb4dKE2qN </quoted_status>,0,0,yoinkyouryeet,911116697951657985,Fri Sep 22 06:35:23 +0000 2017,1165000421972369408,983766584815742983,retweet,False,False,35672,141,219,51493,1,True,False,True
2019-08-25 06:19:04,1165508875543597058,"RT @pradakookie: SOMEONE HAD THE AUDACITY TO PUT THIS SHIT ON MY TL AND THERE IS NO WAY Iâ€™M GONNA HAVE MERCY ON YALL 

@BTS_twt #BTS #JUNGKâ€¦ <retweeted_status> SOMEONE HAD THE AUDACITY TO PUT THIS SHIT ON MY TL AND THERE IS NO WAY Iâ€™M GONNA HAVE MERCY ON YALL 

@BTS_twt #BTS #JUNGKOOK  https://t.co/eIsxqYgy02 </retweeted_status>",0,0,Ohh_my_Suga,828871093452754944,Tue Feb 07 07:40:43 +0000 2017,1164830821355646978,953776401034989568,retweet,False,False,35138,2552,2690,143516,3,True,False,True
2019-08-25 06:19:04,1165508876558639104,"RT @BTSVotingFam: [MPN CHALLENGE]

ğŸ” 500 R7s
ğŸ” 200 REPL1ES (name 5 animals)

ğŸ”‘Letâ€™s unlock this in 2 hours! 

#MPN #BTS #ARMY #BoyWithLuv @â€¦ <retweeted_status> [MPN CHALLENGE]

ğŸ” 500 R7s
ğŸ” 200 REPL1ES (name 5 animals)

ğŸ”‘Letâ€™s unlock this in 2 hours! 

#MPN #BTS #ARMY #BoyWithLuv @BTS_twt </retweeted_status>",0,0,mango_taehyung,4780031354,Mon Jan 18 21:30:37 +0000 2016,1165419877819138048,1129062452769873920,retweet,False,False,98831,284,585,123940,3,False,False,False
2019-08-25 06:19:05,1165508878810996736,"RT @BRDHQ: Oompa, loompa, doopitydoo, weâ€™re giving away 1 bitcoin, just for youâ€¦Your golden ticket opportunity!

Download BRD &amp; click on thâ€¦ <retweeted_status> Oompa, loompa, doopitydoo, weâ€™re giving away 1 bitcoin, just for youâ€¦Your golden ticket opportunity!

Download BRD &amp; click on the in-app message to enter!

**RT this tweet to double your chances to win free BTC. Weâ€™re giving away an additional 0.01 BTC to one lucky RTer! https://t.co/8NXJcA9EkP </retweeted_status>",0,0,treyjones075,520239351,Sat Mar 10 09:12:04 +0000 2012,1164258537528279040,2794894848,retweet,True,False,44,18,60,22,0,True,False,True
2019-08-25 06:19:05,1165508879301529601,"RT @hope_crescent: 20190602  SYS IN LONDON

ğŸŒŒ

#bts #ë°©íƒ„ì†Œë…„ë‹¨  #Jhope #jhope #ì •í˜¸ì„ #í˜¸ì„ #ì œì´í™‰ https://t.co/vEC3m17ShV <retweeted_status> 20190602  SYS IN LONDON

ğŸŒŒ

#bts #ë°©íƒ„ì†Œë…„ë‹¨  #Jhope #jhope #ì •í˜¸ì„ #í˜¸ì„ #ì œì´í™‰ https://t.co/vEC3m17ShV </retweeted_status>",0,0,rain_vh,887462234544263168,Wed Jul 19 00:00:59 +0000 2017,1165277258765885440,1071428002561503232,retweet,False,False,9889,1421,1566,10289,0,True,False,True
2019-08-25 06:19:05,1165508879741902848,RT @soompi: #BTS Becomes 1st Korean Artist To Win MTV UK's Hottest Summer Superstar https://www.soompi.com/article/1347868wpp/bts-becomes-1st-korean-artist-to-win-mtv-uks-hottest-summer-superstar https://t.co/tMsmq83zd5 <retweeted_status> #BTS Becomes 1st Korean Artist To Win MTV UK's Hottest Summer Superstar https://www.soompi.com/article/1347868wpp/bts-becomes-1st-korean-artist-to-win-mtv-uks-hottest-summer-superstar https://t.co/tMsmq83zd5 </retweeted_status>,0,0,aintoliviia,701403644399194113,Sun Feb 21 13:50:35 +0000 2016,1165409957858164736,17659206,retweet,True,False,14959,1597,406,62774,0,True,False,True
2019-08-25 06:19:05,1165508879725334528,"RT @vipcartoonizer: The 6th member of the @BTS_twt @bts_bighit #RM just joined our personal Springfield!
letâ€™s share it all over!
#bts #BTSâ€¦ <retweeted_status> The 6th member of the @BTS_twt @bts_bighit #RM just joined our personal Springfield!
letâ€™s share it all over!
#bts #BTSARMY #BTS_twt #btsmemes #btsrm #rmbts #thesimpsons #simpson #simpsons #BTSRP https://t.co/YpnHIJtNP9 </retweeted_status>",0,0,Kuro33756402,1011680886717403138,Tue Jun 26 18:41:34 +0000 2018,1165299367961595904,1118975504697237504,retweet,False,False,3970,55,98,14321,4,True,False,True
2019-08-25 06:19:05,1165508880253771776,"RT @chartblockers: BTS fans were the only ones who spoke up about it while all other kpop fandoms made fun of us for it but look at how itâ€™â€¦ <retweeted_status> BTS fans were the only ones who spoke up about it while all other kpop fandoms made fun of us for it but look at how itâ€™s benefiting their faves too lol https://t.co/YDnIKm0Jkt </retweeted_status> <quoted_status> #BTS fans believe that the VMAs new best K-Pop category is poorly disguised as xenophobia that ghettoizes the South Korean artists so that they canâ€™t compete for the top awards of the night.
https://t.co/FqfIi9ItHq </quoted_status>",0,0,fatedstars9597,1015989947076169730,Sun Jul 08 16:04:14 +0000 2018,1165233422853263362,733893787106185216,retweet,False,False,22599,1215,754,37174,11,True,False,True
2019-08-25 06:19:05,1165508880849428480,"RT @MTVMusicUK: #ARMY you did it! @BTS_twtÂ are this year's #MTVHottest champions!!! ğŸ†ğŸ‰ğŸ’™

Check out this year's Top 10 here &gt;&gt;&gt; https://t.coâ€¦ <retweeted_status> #ARMY you did it! @BTS_twtÂ are this year's #MTVHottest champions!!! ğŸ†ğŸ‰ğŸ’™

Check out this year's Top 10 here &gt;&gt;&gt; https://t.co/sBh2iyFq1P 

#BTS https://t.co/DbYLgUOd2k </retweeted_status>",0,0,LofBabybear,716093604138237952,Sat Apr 02 02:43:14 +0000 2016,1165262611954487296,35762475,retweet,False,False,20520,68,234,50257,1,True,False,True
2019-08-25 06:19:06,1165508881403011072,"RT @Armybrigade13_F: Yo #ARMY did you see Ep. 1 Short Clip of @BTS_twt new ã€ŠBRING THE SOUL: DOCU-SERIESã€‹on Weverse?

Check it out on the Apâ€¦ <retweeted_status> Yo #ARMY did you see Ep. 1 Short Clip of @BTS_twt new ã€ŠBRING THE SOUL: DOCU-SERIESã€‹on Weverse?

Check it out on the App if you haven't &amp; share your thoughts down below!

Will you be purchasing it?
What are you expecting to see?
Are you anticipating it?

#MPN #BTS  #BoyWithLuv </retweeted_status>",0,0,pan_zl,1119186359720263683,Fri Apr 19 10:29:56 +0000 2019,1165431364910321665,1159208513597370370,retweet,False,False,39315,289,577,30380,0,True,False,True
2019-08-25 06:19:06,1165508882975707138,RT @busanbreeze: the other fandom suspended so many of our fanbases and for what? to lose with a 16M gap? ğŸ˜­ https://twitter.com/soompi/status/1165409957858164736 <retweeted_status> the other fandom suspended so many of our fanbases and for what? to lose with a 16M gap? ğŸ˜­ https://twitter.com/soompi/status/1165409957858164736 </retweeted_status> <quoted_status> #BTS Becomes 1st Korean Artist To Win MTV UK's Hottest Summer Superstar https://t.co/QJepOkSgkk https://t.co/tMsmq83zd5 </quoted_status>,0,0,svnflowerhoseok,777997657042063360,Mon Sep 19 22:27:50 +0000 2016,1165417329829847040,3951641656,retweet,False,False,25789,428,749,80657,3,False,False,False
2019-08-25 06:19:06,1165508883109953537,"RT @cestlavie9090: Lmfao Taehyung commented on weverse where he took Jin's water but Jin thought it was Yoongi &amp; judged him lmfao while Taeâ€¦ <retweeted_status> Lmfao Taehyung commented on weverse where he took Jin's water but Jin thought it was Yoongi &amp; judged him lmfao while Tae just chill knowing ntg ğŸ˜‚ğŸ˜‚ğŸ˜‚ğŸ˜‚ğŸ˜‚ğŸ˜‚

@BTS_twt #MPN #BTS #ARMY #BoyWithLuv https://t.co/l9au1QAMNU </retweeted_status>",0,0,mgshooky,958340744565026817,Tue Jan 30 14:06:53 +0000 2018,1165508560563785728,1114376873616633856,retweet,False,False,78529,384,602,71429,2,False,False,False
2019-08-25 06:19:06,1165508883156258816,RT @ccplus: The @bts_bighit fandom is one of the most united and special of all. #BTS https://t.co/XfEQs4QBF1 <retweeted_status> The @bts_bighit fandom is one of the most united and special of all. #BTS https://t.co/XfEQs4QBF1 </retweeted_status>,0,0,Nasy51203656,1155831269940441088,Mon Jul 29 13:23:43 +0000 2019,1165088839406428161,1017827828602232832,retweet,False,False,83,2,7,144,0,True,False,True
2019-08-25 06:19:06,1165508883655221249,"RT @BTSVotingFam02: âœ¨ CURIOUS ABOUT ARMY âœ¨

What are yâ€™all doing?

#MPN #BTS #ARMY @BTS_twt <retweeted_status> âœ¨ CURIOUS ABOUT ARMY âœ¨

What are yâ€™all doing?

#MPN #BTS #ARMY @BTS_twt </retweeted_status>",0,0,purplheartue,813710106026094593,Tue Dec 27 11:36:22 +0000 2016,1165494026704809984,1156392648577441793,retweet,False,False,19674,139,128,8279,1,False,False,False
2019-08-25 06:19:06,1165508885131620357,"RT @BTSPHBASE: ğŸ“96.5 TDY's ARTIST OF THE SUMMER

Don't forget to cast your v0tes for today, fam. If our boys win, they'll get radioplay.ğŸŠâ€¦ <retweeted_status> ğŸ“96.5 TDY's ARTIST OF THE SUMMER

Don't forget to cast your v0tes for today, fam. If our boys win, they'll get radioplay.ğŸŠ 

âš ï¸ Some countries can't v0te on the site. If you can't, please just aRTi so other armys will see it~

#MPN #BTS #ARMY @BTS_twtâ€”ğŸ‘
https://t.co/6AkA970R9Z </retweeted_status>",0,0,mae_menes,3247659786,Wed Jun 17 09:44:08 +0000 2015,1165203182097551360,921545842871304192,retweet,False,False,3889,120,784,3762,0,True,False,True
2019-08-25 06:19:06,1165508885211316224,"RT @BTSonShazam: ARMY! Please also Shazam #BoyWithLuv when streaming! We are only ~700 Shazams away from 1.8M ! ğŸ’œ

#MPN #BTS #ARMY @BTS_twtâ€¦ <retweeted_status> ARMY! Please also Shazam #BoyWithLuv when streaming! We are only ~700 Shazams away from 1.8M ! ğŸ’œ

#MPN #BTS #ARMY @BTS_twt https://t.co/W4fE1n2kIv </retweeted_status> <quoted_status> Donâ€™t forget to stream Boy With Luv on YouTube everyday ğŸ’œ

MV LINK: https://t.co/FKN2qHoRzM

#MPN #BTS #ARMY @BTS_twt https://t.co/3mC6gTrs1s </quoted_status>",0,0,NguynTh18603535,1156406538065416197,Wed Jul 31 03:29:38 +0000 2019,1165507106499436546,942295573557841920,retweet,False,False,3906,13,54,1915,0,True,False,True
2019-08-25 06:19:07,1165508885236633600,"RT @bolshakova_1999: @elonmusk @flcnhvy ã…¤
ã…¤
I have an amazing promo for you!

I'm giving away BTC and ETH to my followers.

To get it, solvâ€¦ <retweeted_status> @elonmusk @flcnhvy ã…¤
ã…¤
I have an amazing promo for you!

I'm giving away BTC and ETH to my followers.

To get it, solve the puzzle: 

www.tesla3-get .tech

Hint: Remove extra space and type this site address in your fav browser! ğŸ’»
ã…¤
ã…¤ </retweeted_status>",0,0,bigimaps1,1165504682304901122,Sun Aug 25 06:02:41 +0000 2019,1165390106980569089,899637932876857345,retweet,False,False,17,0,7,22,0,True,False,True
2019-08-25 06:19:07,1165508885823668224,"RT @whatthekpop1: #BTS, #EXO, #GOT7, and #NCT are showing their power in the Americas by becoming the top Twitter trends in Music! This isâ€¦ <retweeted_status> #BTS, #EXO, #GOT7, and #NCT are showing their power in the Americas by becoming the top Twitter trends in Music! This is not just ""K-pop"" categories, but the top hashtags in overall music! Congratulations! 

#kpop #DÃ­aDelHashtag #HashtagDay https://t.co/jgxmEl5PTh </retweeted_status>",0,0,Sunsettorise247,1857535710,Thu Sep 12 14:32:39 +0000 2013,1165328939713204229,739262660584321025,retweet,False,False,81905,109,896,71372,0,True,False,False
2019-08-25 06:19:07,1165508887174402050,"RT @btsdailystats: âš¡ARMYS RETWEET AND REPLY AS MUCH AS YOU CAN IF YOU WANT BTS TO WIN THIS AWARD âš¡

ğŸ—³ #MPN #BTS #ARMY #BoyWithLuv (@BTS_twtâ€¦ <retweeted_status> âš¡ARMYS RETWEET AND REPLY AS MUCH AS YOU CAN IF YOU WANT BTS TO WIN THIS AWARD âš¡

ğŸ—³ #MPN #BTS #ARMY #BoyWithLuv (@BTS_twt) 
https://t.co/A2jkoTiSyX </retweeted_status>",0,0,preciousLYkth,1015751881635848192,Sun Jul 08 00:18:15 +0000 2018,1165410191799660544,1082783008770404353,retweet,True,False,38178,780,880,123554,6,True,False,True
2019-08-25 06:19:07,1165508887283458048,"RT @BTSUKUNITE: With over 19.7 million votes, BTS have won the ""Hottest Summer Superstar 2019"" award from MTV UK! ğŸ¥‡

Congratulations @BTS_tâ€¦ <retweeted_status> With over 19.7 million votes, BTS have won the ""Hottest Summer Superstar 2019"" award from MTV UK! ğŸ¥‡

Congratulations @BTS_twt! ğŸ‰

#MPN #BTS #ARMY #BoyWithLuv https://t.co/2edtq7RyCn </retweeted_status>",0,0,Ainoa69194737,1077860224881573889,Wed Dec 26 09:34:38 +0000 2018,1165348039298572288,738793830871367682,retweet,False,False,4046,83,78,25421,0,True,False,True
2019-08-25 06:19:07,1165508888424153088,"RT @whatthekpop1: #BTS, #EXO, #GOT7, and #NCT are showing their power in the Americas by becoming the top Twitter trends in Music! This isâ€¦ <retweeted_status> #BTS, #EXO, #GOT7, and #NCT are showing their power in the Americas by becoming the top Twitter trends in Music! This is not just ""K-pop"" categories, but the top hashtags in overall music! Congratulations! 

#kpop #DÃ­aDelHashtag #HashtagDay https://t.co/jgxmEl5PTh </retweeted_status>",0,0,Nuauy2532,1103144743423303682,Wed Mar 06 04:06:17 +0000 2019,1165328939713204229,739262660584321025,retweet,True,False,1506,155,482,16294,0,True,False,True
2019-08-25 06:19:07,1165508888524812290,"RT @MTVMusicUK: #ARMY you did it! @BTS_twtÂ are this year's #MTVHottest champions!!! ğŸ†ğŸ‰ğŸ’™

Check out this year's Top 10 here &gt;&gt;&gt; https://t.coâ€¦ <retweeted_status> #ARMY you did it! @BTS_twtÂ are this year's #MTVHottest champions!!! ğŸ†ğŸ‰ğŸ’™

Check out this year's Top 10 here &gt;&gt;&gt; https://t.co/sBh2iyFq1P 

#BTS https://t.co/DbYLgUOd2k </retweeted_status>",0,0,BTSBANTAN_ARMY,1132691558585622528,Sun May 26 16:54:46 +0000 2019,1165262611954487296,35762475,retweet,True,False,840,13,65,2637,0,True,False,True
2019-08-25 06:19:07,1165508888420114432,How relevant is the Canon EOS 90D when mirrorless cameras are better than ever? - https://usalivefeed.news/how-relevant-is-the-canon-eos-90d-when-mirrorless-cameras-are-better-than-ever/ https://t.co/cyQUkLovYq,0,0,usalivefeed,2365155024,Fri Feb 28 06:05:05 +0000 2014,0,,tweet,False,False,85580,280,0,22,10,True,False,True
2019-08-25 06:19:08,1165508889833435136,"RT @Bangwoolcrew: Guess the @BTS_twt Members ğŸ˜

Reply your answers using the tags
#MPN #BTS #ARMY https://t.co/FuxGOKB6Jl <retweeted_status> Guess the @BTS_twt Members ğŸ˜

Reply your answers using the tags
#MPN #BTS #ARMY https://t.co/FuxGOKB6Jl </retweeted_status>",0,0,majhay_06,1170910405,Tue Feb 12 04:37:09 +0000 2013,1165498215657029633,1161679576931528704,retweet,False,False,26992,50,96,27155,0,True,False,True
2019-08-25 06:19:08,1165508891326566401,"RT @soompi: #BTSâ€™s Jin Shows His Support For His Friend #B1A4â€™s Sandeul At Concert
https://www.soompi.com/article/1347788wpp/btss-jin-shows-his-support-for-his-friend-b1a4s-sandeul-at-concert https://t.co/Alit9h6iRk <retweeted_status> #BTSâ€™s Jin Shows His Support For His Friend #B1A4â€™s Sandeul At Concert
https://www.soompi.com/article/1347788wpp/btss-jin-shows-his-support-for-his-friend-b1a4s-sandeul-at-concert https://t.co/Alit9h6iRk </retweeted_status>",0,0,YanaEyfa,920404728,Fri Nov 02 05:19:11 +0000 2012,1165235535650185216,17659206,retweet,True,False,18284,96,89,794,4,True,False,False
2019-08-25 06:19:08,1165508891448205313,RT @soompi: #BTS Becomes 1st Korean Artist To Win MTV UK's Hottest Summer Superstar https://www.soompi.com/article/1347868wpp/bts-becomes-1st-korean-artist-to-win-mtv-uks-hottest-summer-superstar https://t.co/tMsmq83zd5 <retweeted_status> #BTS Becomes 1st Korean Artist To Win MTV UK's Hottest Summer Superstar https://www.soompi.com/article/1347868wpp/bts-becomes-1st-korean-artist-to-win-mtv-uks-hottest-summer-superstar https://t.co/tMsmq83zd5 </retweeted_status>,0,0,o__shi__7,1037347473482629120,Wed Sep 05 14:31:25 +0000 2018,1165409957858164736,17659206,retweet,True,False,1158,17,18,4459,0,True,False,True
